# original	normalized	local_path	mirrored_url
https://gist.githubusercontent.com/blackmatrix7/f5f780d0f56b319b6ad9848fd080bb18/raw/zheye.min.js	https://gist.githubusercontent.com/blackmatrix7/f5f780d0f56b319b6ad9848fd080bb18/raw/zheye.min.js	scripts/gist.githubusercontent.com/blackmatrix7/f5f780d0f56b319b6ad9848fd080bb18/raw/zheye.min.b5468fab9c.js	https://raw.githubusercontent.com/laiyangwuying/Shadowrocket-ADBlock-Rules-Forever/refs/heads/build/scripts/gist.githubusercontent.com/blackmatrix7/f5f780d0f56b319b6ad9848fd080bb18/raw/zheye.min.b5468fab9c.js
https://gist.githubusercontent.com/ddgksf2013/4f53b7c6083678df25fecc8ff68b52c4/raw/netease.adblock.js	https://gist.githubusercontent.com/ddgksf2013/4f53b7c6083678df25fecc8ff68b52c4/raw/netease.adblock.js	scripts/gist.githubusercontent.com/ddgksf2013/4f53b7c6083678df25fecc8ff68b52c4/raw/netease.adblock.263a086acc.js	https://raw.githubusercontent.com/laiyangwuying/Shadowrocket-ADBlock-Rules-Forever/refs/heads/build/scripts/gist.githubusercontent.com/ddgksf2013/4f53b7c6083678df25fecc8ff68b52c4/raw/netease.adblock.263a086acc.js
https://raw.githubusercontent.com/Maasea/sgmodule/master/Script/Youtube/youtube.response.js	https://raw.githubusercontent.com/Maasea/sgmodule/master/Script/Youtube/youtube.response.js	scripts/raw.githubusercontent.com/Maasea/sgmodule/master/Script/Youtube/youtube.response.04dccae45a.js	https://raw.githubusercontent.com/laiyangwuying/Shadowrocket-ADBlock-Rules-Forever/refs/heads/build/scripts/raw.githubusercontent.com/Maasea/sgmodule/master/Script/Youtube/youtube.response.04dccae45a.js
https://raw.githubusercontent.com/NobyDa/Script/master/QuantumultX/File/Wechat.js	https://raw.githubusercontent.com/NobyDa/Script/master/QuantumultX/File/Wechat.js	scripts/raw.githubusercontent.com/NobyDa/Script/master/QuantumultX/File/Wechat.65b2381630.js	https://raw.githubusercontent.com/laiyangwuying/Shadowrocket-ADBlock-Rules-Forever/refs/heads/build/scripts/raw.githubusercontent.com/NobyDa/Script/master/QuantumultX/File/Wechat.65b2381630.js
https://raw.githubusercontent.com/app2smile/rules/master/js/baidumap.js	https://raw.githubusercontent.com/app2smile/rules/master/js/baidumap.js	scripts/raw.githubusercontent.com/app2smile/rules/master/js/baidumap.597e73d858.js	https://raw.githubusercontent.com/laiyangwuying/Shadowrocket-ADBlock-Rules-Forever/refs/heads/build/scripts/raw.githubusercontent.com/app2smile/rules/master/js/baidumap.597e73d858.js
https://raw.githubusercontent.com/app2smile/rules/master/js/qidian.js	https://raw.githubusercontent.com/app2smile/rules/master/js/qidian.js	scripts/raw.githubusercontent.com/app2smile/rules/master/js/qidian.7769c38b48.js	https://raw.githubusercontent.com/laiyangwuying/Shadowrocket-ADBlock-Rules-Forever/refs/heads/build/scripts/raw.githubusercontent.com/app2smile/rules/master/js/qidian.7769c38b48.js
https://raw.githubusercontent.com/app2smile/rules/master/js/tieba-json.js	https://raw.githubusercontent.com/app2smile/rules/master/js/tieba-json.js	scripts/raw.githubusercontent.com/app2smile/rules/master/js/tieba-json.cfe44e47f5.js	https://raw.githubusercontent.com/laiyangwuying/Shadowrocket-ADBlock-Rules-Forever/refs/heads/build/scripts/raw.githubusercontent.com/app2smile/rules/master/js/tieba-json.cfe44e47f5.js
https://raw.githubusercontent.com/app2smile/rules/master/js/tieba-proto.js	https://raw.githubusercontent.com/app2smile/rules/master/js/tieba-proto.js	scripts/raw.githubusercontent.com/app2smile/rules/master/js/tieba-proto.cc0b706e7e.js	https://raw.githubusercontent.com/laiyangwuying/Shadowrocket-ADBlock-Rules-Forever/refs/heads/build/scripts/raw.githubusercontent.com/app2smile/rules/master/js/tieba-proto.cc0b706e7e.js
https://raw.githubusercontent.com/ddgksf2013/Scripts/master/12306.js	https://raw.githubusercontent.com/ddgksf2013/Scripts/master/12306.js	scripts/raw.githubusercontent.com/ddgksf2013/Scripts/master/12306.29f6cff264.js	https://raw.githubusercontent.com/laiyangwuying/Shadowrocket-ADBlock-Rules-Forever/refs/heads/build/scripts/raw.githubusercontent.com/ddgksf2013/Scripts/master/12306.29f6cff264.js
https://raw.githubusercontent.com/ddgksf2013/Scripts/master/123pan.js	https://raw.githubusercontent.com/ddgksf2013/Scripts/master/123pan.js	scripts/raw.githubusercontent.com/ddgksf2013/Scripts/master/123pan.fffd7de562.js	https://raw.githubusercontent.com/laiyangwuying/Shadowrocket-ADBlock-Rules-Forever/refs/heads/build/scripts/raw.githubusercontent.com/ddgksf2013/Scripts/master/123pan.fffd7de562.js
https://raw.githubusercontent.com/ddgksf2013/Scripts/master/555Ad.js	https://raw.githubusercontent.com/ddgksf2013/Scripts/master/555Ad.js	scripts/raw.githubusercontent.com/ddgksf2013/Scripts/master/555Ad.5992528295.js	https://raw.githubusercontent.com/laiyangwuying/Shadowrocket-ADBlock-Rules-Forever/refs/heads/build/scripts/raw.githubusercontent.com/ddgksf2013/Scripts/master/555Ad.5992528295.js
https://raw.githubusercontent.com/ddgksf2013/Scripts/master/ahfs.js	https://raw.githubusercontent.com/ddgksf2013/Scripts/master/ahfs.js	scripts/raw.githubusercontent.com/ddgksf2013/Scripts/master/ahfs.b4e13a7172.js	https://raw.githubusercontent.com/laiyangwuying/Shadowrocket-ADBlock-Rules-Forever/refs/heads/build/scripts/raw.githubusercontent.com/ddgksf2013/Scripts/master/ahfs.b4e13a7172.js
https://raw.githubusercontent.com/ddgksf2013/Scripts/master/amap.js	https://raw.githubusercontent.com/ddgksf2013/Scripts/master/amap.js	scripts/raw.githubusercontent.com/ddgksf2013/Scripts/master/amap.5c6b6477e2.js	https://raw.githubusercontent.com/laiyangwuying/Shadowrocket-ADBlock-Rules-Forever/refs/heads/build/scripts/raw.githubusercontent.com/ddgksf2013/Scripts/master/amap.5c6b6477e2.js
https://raw.githubusercontent.com/ddgksf2013/Scripts/master/amdc.js	https://raw.githubusercontent.com/ddgksf2013/Scripts/master/amdc.js	scripts/raw.githubusercontent.com/ddgksf2013/Scripts/master/amdc.915ab55024.js	https://raw.githubusercontent.com/laiyangwuying/Shadowrocket-ADBlock-Rules-Forever/refs/heads/build/scripts/raw.githubusercontent.com/ddgksf2013/Scripts/master/amdc.915ab55024.js
https://raw.githubusercontent.com/ddgksf2013/Scripts/master/applet.js	https://raw.githubusercontent.com/ddgksf2013/Scripts/master/applet.js	scripts/raw.githubusercontent.com/ddgksf2013/Scripts/master/applet.d9e729a8a1.js	https://raw.githubusercontent.com/laiyangwuying/Shadowrocket-ADBlock-Rules-Forever/refs/heads/build/scripts/raw.githubusercontent.com/ddgksf2013/Scripts/master/applet.d9e729a8a1.js
https://raw.githubusercontent.com/ddgksf2013/Scripts/master/baishitv.js	https://raw.githubusercontent.com/ddgksf2013/Scripts/master/baishitv.js	scripts/raw.githubusercontent.com/ddgksf2013/Scripts/master/baishitv.32873f78f1.js	https://raw.githubusercontent.com/laiyangwuying/Shadowrocket-ADBlock-Rules-Forever/refs/heads/build/scripts/raw.githubusercontent.com/ddgksf2013/Scripts/master/baishitv.32873f78f1.js
https://raw.githubusercontent.com/ddgksf2013/Scripts/master/bing.js	https://raw.githubusercontent.com/ddgksf2013/Scripts/master/bing.js	scripts/raw.githubusercontent.com/ddgksf2013/Scripts/master/bing.982eaa76ee.js	https://raw.githubusercontent.com/laiyangwuying/Shadowrocket-ADBlock-Rules-Forever/refs/heads/build/scripts/raw.githubusercontent.com/ddgksf2013/Scripts/master/bing.982eaa76ee.js
https://raw.githubusercontent.com/ddgksf2013/Scripts/master/cainiao_json.js	https://raw.githubusercontent.com/ddgksf2013/Scripts/master/cainiao_json.js	scripts/raw.githubusercontent.com/ddgksf2013/Scripts/master/cainiao_json.6e02117eab.js	https://raw.githubusercontent.com/laiyangwuying/Shadowrocket-ADBlock-Rules-Forever/refs/heads/build/scripts/raw.githubusercontent.com/ddgksf2013/Scripts/master/cainiao_json.6e02117eab.js
https://raw.githubusercontent.com/ddgksf2013/Scripts/master/caixinads.js	https://raw.githubusercontent.com/ddgksf2013/Scripts/master/caixinads.js	scripts/raw.githubusercontent.com/ddgksf2013/Scripts/master/caixinads.8c03341e11.js	https://raw.githubusercontent.com/laiyangwuying/Shadowrocket-ADBlock-Rules-Forever/refs/heads/build/scripts/raw.githubusercontent.com/ddgksf2013/Scripts/master/caixinads.8c03341e11.js
https://raw.githubusercontent.com/ddgksf2013/Scripts/master/caiyun_json.js	https://raw.githubusercontent.com/ddgksf2013/Scripts/master/caiyun_json.js	scripts/raw.githubusercontent.com/ddgksf2013/Scripts/master/caiyun_json.2de6ef3429.js	https://raw.githubusercontent.com/laiyangwuying/Shadowrocket-ADBlock-Rules-Forever/refs/heads/build/scripts/raw.githubusercontent.com/ddgksf2013/Scripts/master/caiyun_json.2de6ef3429.js
https://github.com/ddgksf2013/Scripts/raw/master/coolapk.js	https://raw.githubusercontent.com/ddgksf2013/Scripts/master/coolapk.js	scripts/raw.githubusercontent.com/ddgksf2013/Scripts/master/coolapk.164d1904b8.js	https://raw.githubusercontent.com/laiyangwuying/Shadowrocket-ADBlock-Rules-Forever/refs/heads/build/scripts/raw.githubusercontent.com/ddgksf2013/Scripts/master/coolapk.164d1904b8.js
https://raw.githubusercontent.com/ddgksf2013/Scripts/master/dict.js	https://raw.githubusercontent.com/ddgksf2013/Scripts/master/dict.js	scripts/raw.githubusercontent.com/ddgksf2013/Scripts/master/dict.f232ee91aa.js	https://raw.githubusercontent.com/laiyangwuying/Shadowrocket-ADBlock-Rules-Forever/refs/heads/build/scripts/raw.githubusercontent.com/ddgksf2013/Scripts/master/dict.f232ee91aa.js
https://raw.githubusercontent.com/ddgksf2013/Scripts/master/fly.js	https://raw.githubusercontent.com/ddgksf2013/Scripts/master/fly.js	scripts/raw.githubusercontent.com/ddgksf2013/Scripts/master/fly.cbda41a8da.js	https://raw.githubusercontent.com/laiyangwuying/Shadowrocket-ADBlock-Rules-Forever/refs/heads/build/scripts/raw.githubusercontent.com/ddgksf2013/Scripts/master/fly.cbda41a8da.js
https://raw.githubusercontent.com/ddgksf2013/Scripts/master/iqiyi_open_ads.js	https://raw.githubusercontent.com/ddgksf2013/Scripts/master/iqiyi_open_ads.js	scripts/raw.githubusercontent.com/ddgksf2013/Scripts/master/iqiyi_open_ads.7cdf727e1a.js	https://raw.githubusercontent.com/laiyangwuying/Shadowrocket-ADBlock-Rules-Forever/refs/heads/build/scripts/raw.githubusercontent.com/ddgksf2013/Scripts/master/iqiyi_open_ads.7cdf727e1a.js
https://raw.githubusercontent.com/ddgksf2013/Scripts/master/ithome.js	https://raw.githubusercontent.com/ddgksf2013/Scripts/master/ithome.js	scripts/raw.githubusercontent.com/ddgksf2013/Scripts/master/ithome.e2d30c2e46.js	https://raw.githubusercontent.com/laiyangwuying/Shadowrocket-ADBlock-Rules-Forever/refs/heads/build/scripts/raw.githubusercontent.com/ddgksf2013/Scripts/master/ithome.e2d30c2e46.js
https://raw.githubusercontent.com/ddgksf2013/Scripts/master/jd_json.js	https://raw.githubusercontent.com/ddgksf2013/Scripts/master/jd_json.js	scripts/raw.githubusercontent.com/ddgksf2013/Scripts/master/jd_json.c8879aa6e3.js	https://raw.githubusercontent.com/laiyangwuying/Shadowrocket-ADBlock-Rules-Forever/refs/heads/build/scripts/raw.githubusercontent.com/ddgksf2013/Scripts/master/jd_json.c8879aa6e3.js
https://raw.githubusercontent.com/ddgksf2013/Scripts/master/keepStyle.js	https://raw.githubusercontent.com/ddgksf2013/Scripts/master/keepStyle.js	scripts/raw.githubusercontent.com/ddgksf2013/Scripts/master/keepStyle.63bd259772.js	https://raw.githubusercontent.com/laiyangwuying/Shadowrocket-ADBlock-Rules-Forever/refs/heads/build/scripts/raw.githubusercontent.com/ddgksf2013/Scripts/master/keepStyle.63bd259772.js
https://github.com/ddgksf2013/Scripts/raw/master/pixivAds.js	https://raw.githubusercontent.com/ddgksf2013/Scripts/master/pixivAds.js	scripts/raw.githubusercontent.com/ddgksf2013/Scripts/master/pixivAds.6d5abd6b66.js	https://raw.githubusercontent.com/laiyangwuying/Shadowrocket-ADBlock-Rules-Forever/refs/heads/build/scripts/raw.githubusercontent.com/ddgksf2013/Scripts/master/pixivAds.6d5abd6b66.js
https://raw.githubusercontent.com/ddgksf2013/Scripts/master/pupumarket.js	https://raw.githubusercontent.com/ddgksf2013/Scripts/master/pupumarket.js	scripts/raw.githubusercontent.com/ddgksf2013/Scripts/master/pupumarket.2c02c59eb9.js	https://raw.githubusercontent.com/laiyangwuying/Shadowrocket-ADBlock-Rules-Forever/refs/heads/build/scripts/raw.githubusercontent.com/ddgksf2013/Scripts/master/pupumarket.2c02c59eb9.js
https://raw.githubusercontent.com/ddgksf2013/Scripts/master/qidian.js	https://raw.githubusercontent.com/ddgksf2013/Scripts/master/qidian.js	scripts/raw.githubusercontent.com/ddgksf2013/Scripts/master/qidian.ab9c2b113e.js	https://raw.githubusercontent.com/laiyangwuying/Shadowrocket-ADBlock-Rules-Forever/refs/heads/build/scripts/raw.githubusercontent.com/ddgksf2013/Scripts/master/qidian.ab9c2b113e.js
https://raw.githubusercontent.com/ddgksf2013/Scripts/master/quark.js	https://raw.githubusercontent.com/ddgksf2013/Scripts/master/quark.js	scripts/raw.githubusercontent.com/ddgksf2013/Scripts/master/quark.5d51a306a8.js	https://raw.githubusercontent.com/laiyangwuying/Shadowrocket-ADBlock-Rules-Forever/refs/heads/build/scripts/raw.githubusercontent.com/ddgksf2013/Scripts/master/quark.5d51a306a8.js
https://github.com/ddgksf2013/Scripts/raw/master/rrtv_json.js	https://raw.githubusercontent.com/ddgksf2013/Scripts/master/rrtv_json.js	scripts/raw.githubusercontent.com/ddgksf2013/Scripts/master/rrtv_json.c5a6353d92.js	https://raw.githubusercontent.com/laiyangwuying/Shadowrocket-ADBlock-Rules-Forever/refs/heads/build/scripts/raw.githubusercontent.com/ddgksf2013/Scripts/master/rrtv_json.c5a6353d92.js
https://raw.githubusercontent.com/ddgksf2013/Scripts/master/shunfeng_json.js	https://raw.githubusercontent.com/ddgksf2013/Scripts/master/shunfeng_json.js	scripts/raw.githubusercontent.com/ddgksf2013/Scripts/master/shunfeng_json.9090485147.js	https://raw.githubusercontent.com/laiyangwuying/Shadowrocket-ADBlock-Rules-Forever/refs/heads/build/scripts/raw.githubusercontent.com/ddgksf2013/Scripts/master/shunfeng_json.9090485147.js
https://raw.githubusercontent.com/ddgksf2013/Scripts/master/smzdm_json.js	https://raw.githubusercontent.com/ddgksf2013/Scripts/master/smzdm_json.js	scripts/raw.githubusercontent.com/ddgksf2013/Scripts/master/smzdm_json.6a3d739afe.js	https://raw.githubusercontent.com/laiyangwuying/Shadowrocket-ADBlock-Rules-Forever/refs/heads/build/scripts/raw.githubusercontent.com/ddgksf2013/Scripts/master/smzdm_json.6a3d739afe.js
https://raw.githubusercontent.com/ddgksf2013/Scripts/master/startup.js	https://raw.githubusercontent.com/ddgksf2013/Scripts/master/startup.js	scripts/raw.githubusercontent.com/ddgksf2013/Scripts/master/startup.4faad70714.js	https://raw.githubusercontent.com/laiyangwuying/Shadowrocket-ADBlock-Rules-Forever/refs/heads/build/scripts/raw.githubusercontent.com/ddgksf2013/Scripts/master/startup.4faad70714.js
https://raw.githubusercontent.com/ddgksf2013/Scripts/master/stay.js	https://raw.githubusercontent.com/ddgksf2013/Scripts/master/stay.js	scripts/raw.githubusercontent.com/ddgksf2013/Scripts/master/stay.9b1646489d.js	https://raw.githubusercontent.com/laiyangwuying/Shadowrocket-ADBlock-Rules-Forever/refs/heads/build/scripts/raw.githubusercontent.com/ddgksf2013/Scripts/master/stay.9b1646489d.js
https://raw.githubusercontent.com/ddgksf2013/Scripts/master/weibo_json.js	https://raw.githubusercontent.com/ddgksf2013/Scripts/master/weibo_json.js	scripts/raw.githubusercontent.com/ddgksf2013/Scripts/master/weibo_json.8d2520109f.js	https://raw.githubusercontent.com/laiyangwuying/Shadowrocket-ADBlock-Rules-Forever/refs/heads/build/scripts/raw.githubusercontent.com/ddgksf2013/Scripts/master/weibo_json.8d2520109f.js
https://raw.githubusercontent.com/ddgksf2013/Scripts/master/weibo_search_info.json	https://raw.githubusercontent.com/ddgksf2013/Scripts/master/weibo_search_info.json	scripts/raw.githubusercontent.com/ddgksf2013/Scripts/master/weibo_search_info.872df4926c.json	https://raw.githubusercontent.com/laiyangwuying/Shadowrocket-ADBlock-Rules-Forever/refs/heads/build/scripts/raw.githubusercontent.com/ddgksf2013/Scripts/master/weibo_search_info.872df4926c.json
https://raw.githubusercontent.com/ddgksf2013/Scripts/master/weibo_search_topic.json	https://raw.githubusercontent.com/ddgksf2013/Scripts/master/weibo_search_topic.json	scripts/raw.githubusercontent.com/ddgksf2013/Scripts/master/weibo_search_topic.c648fce820.json	https://raw.githubusercontent.com/laiyangwuying/Shadowrocket-ADBlock-Rules-Forever/refs/heads/build/scripts/raw.githubusercontent.com/ddgksf2013/Scripts/master/weibo_search_topic.c648fce820.json
https://raw.githubusercontent.com/ddgksf2013/Scripts/master/ximalaya_json.js	https://raw.githubusercontent.com/ddgksf2013/Scripts/master/ximalaya_json.js	scripts/raw.githubusercontent.com/ddgksf2013/Scripts/master/ximalaya_json.bb96e0ef6e.js	https://raw.githubusercontent.com/laiyangwuying/Shadowrocket-ADBlock-Rules-Forever/refs/heads/build/scripts/raw.githubusercontent.com/ddgksf2013/Scripts/master/ximalaya_json.bb96e0ef6e.js
https://raw.githubusercontent.com/ddgksf2013/Scripts/master/zhangshanggongjiao.js	https://raw.githubusercontent.com/ddgksf2013/Scripts/master/zhangshanggongjiao.js	scripts/raw.githubusercontent.com/ddgksf2013/Scripts/master/zhangshanggongjiao.1248c0da54.js	https://raw.githubusercontent.com/laiyangwuying/Shadowrocket-ADBlock-Rules-Forever/refs/heads/build/scripts/raw.githubusercontent.com/ddgksf2013/Scripts/master/zhangshanggongjiao.1248c0da54.js
https://raw.githubusercontent.com/ddgksf2013/Scripts/master/zhihu_openads.js	https://raw.githubusercontent.com/ddgksf2013/Scripts/master/zhihu_openads.js	scripts/raw.githubusercontent.com/ddgksf2013/Scripts/master/zhihu_openads.8d7274f6ff.js	https://raw.githubusercontent.com/laiyangwuying/Shadowrocket-ADBlock-Rules-Forever/refs/heads/build/scripts/raw.githubusercontent.com/ddgksf2013/Scripts/master/zhihu_openads.8d7274f6ff.js
https://raw.githubusercontent.com/deezertidal/private/master/js-backup/Script/xmly_json.js	https://raw.githubusercontent.com/deezertidal/private/master/js-backup/Script/xmly_json.js	scripts/raw.githubusercontent.com/deezertidal/private/master/js-backup/Script/xmly_json.b44e9ffc89.js	https://raw.githubusercontent.com/laiyangwuying/Shadowrocket-ADBlock-Rules-Forever/refs/heads/build/scripts/raw.githubusercontent.com/deezertidal/private/master/js-backup/Script/xmly_json.b44e9ffc89.js
https://raw.githubusercontent.com/litieyin/AD_VIP/main/Script/aiqicha.js	https://raw.githubusercontent.com/litieyin/AD_VIP/main/Script/aiqicha.js	scripts/raw.githubusercontent.com/litieyin/AD_VIP/main/Script/aiqicha.0d6a389c41.js	https://raw.githubusercontent.com/laiyangwuying/Shadowrocket-ADBlock-Rules-Forever/refs/heads/build/scripts/raw.githubusercontent.com/litieyin/AD_VIP/main/Script/aiqicha.0d6a389c41.js
https://royal-block-f6b1.q00.workers.dev/scripts/redbook.ads.js	https://royal-block-f6b1.q00.workers.dev/scripts/redbook.ads.js	scripts/royal-block-f6b1.q00.workers.dev/scripts/redbook.ads.4db424502a.js	https://raw.githubusercontent.com/laiyangwuying/Shadowrocket-ADBlock-Rules-Forever/refs/heads/build/scripts/royal-block-f6b1.q00.workers.dev/scripts/redbook.ads.4db424502a.js
